Predictions,Lower Bound,Upper Bound
186.84225,166.81674,206.86777
190.78319,170.75768,210.8087
190.3226,170.29709,210.34811
184.77017,164.74466,204.79568
179.55179,159.52628,199.5773
176.18872,156.16321,196.21423
170.99449,150.96898,191.02
168.4322,148.4067,188.45772
164.34863,144.32312,184.37415
161.38629,141.36078,181.4118
