Predictions,Lower Bound,Upper Bound
100.07514,89.55559,110.594696
99.50687,88.98731,110.02642
98.38896,87.86941,108.908516
96.62382,86.10426,107.14337
94.66369,84.144135,105.18324
92.58897,82.06941,103.10852
90.46666,79.947105,100.98621
88.34488,77.825325,98.86443
86.253494,75.73394,96.77305
84.22059,73.701035,94.74014
