Predictions,Lower Bound,Upper Bound
141.26236,138.11574,144.40898
142.64146,139.49484,145.78809
143.78247,140.63585,146.9291
144.76147,141.61485,147.9081
145.63705,142.49043,148.78368
146.45251,143.3059,149.59914
146.14183,142.99521,149.28845
145.88037,142.73375,149.027
145.65631,142.50969,148.80293
145.46368,142.31706,148.6103
