Predictions,Lower Bound,Upper Bound
102.74537,96.06666,109.42408
114.45835,107.77964,121.13706
114.9392,108.26049,121.61791
111.26185,104.58314,117.94056
113.212364,106.53365,119.891075
114.565475,107.886765,121.24419
112.498146,105.819435,119.17686
113.80661,107.1279,120.48532
114.0409,107.36219,120.71961
113.386406,106.707695,120.06512
