Predictions,Lower Bound,Upper Bound
55.666943,54.021957,57.311928
57.45908,55.814095,59.104065
54.723595,53.07861,56.36858
54.80658,53.161594,56.451565
54.852577,53.207592,56.497562
54.8695,53.224514,56.514484
54.863518,53.218533,56.508503
54.814857,53.169872,56.459843
54.63661,52.991623,56.281593
54.418552,52.773567,56.063538
