Predictions,Lower Bound,Upper Bound
57.164967,55.852295,58.47764
57.74076,56.42809,59.053432
57.887993,56.57532,59.200665
57.78514,56.47247,59.097813
57.5424,56.22973,58.855072
57.227272,55.9146,58.539944
56.88086,55.568188,58.19353
56.527786,55.215115,57.840458
56.182426,54.869755,57.4951
55.852905,54.540234,57.165577
