Predictions,Lower Bound,Upper Bound
267.11325,254.10504,280.12146
266.12405,253.11584,279.13226
263.54688,250.53867,276.55508
261.90976,248.90155,274.91797
259.3803,246.3721,272.38852
257.28458,244.27637,270.2928
254.6705,241.6623,267.6787
252.22958,239.22137,265.2378
249.47568,236.46747,262.4839
246.76924,233.76103,259.77744
