Predictions,Lower Bound,Upper Bound
134.50359,129.88248,139.1247
137.2962,132.6751,141.91731
139.03221,134.4111,143.65332
140.15924,135.53813,144.78035
140.88622,136.2651,145.50732
141.37105,136.74994,145.99216
141.65817,137.03706,146.27928
141.83752,137.21642,146.45863
142.02988,137.40877,146.65099
142.0649,137.44379,146.686
