Predictions,Lower Bound,Upper Bound
122.08639,100.70973,143.46304
119.8566,98.47994,141.23325
116.20484,94.828186,137.5815
111.503395,90.12674,132.88005
106.06362,84.686966,127.44028
102.14054,80.763885,123.5172
98.75736,77.38071,120.13402
95.6538,74.277145,117.03046
92.856575,71.47992,114.23323
89.88646,68.5098,111.263115
