Predictions,Lower Bound,Upper Bound
154.4337,145.1273,163.7401
162.28043,152.97403,171.58682
164.01772,154.71132,173.32411
163.12956,153.82317,172.43596
161.14352,151.83713,170.44992
158.70782,149.40143,168.01422
156.2784,146.972,165.5848
153.92226,144.61586,163.22865
151.79185,142.48546,161.09825
149.92024,140.61385,159.22664
