Predictions,Lower Bound,Upper Bound
232.85486,212.36972,253.34
233.96579,213.48065,254.45093
236.04913,215.564,256.53427
239.32875,218.84361,259.8139
244.13127,223.64613,264.6164
246.8696,226.38446,267.35474
250.56602,230.08089,271.05115
255.00957,234.52443,275.4947
259.80524,239.3201,280.29037
264.3084,243.82327,284.79355
