Predictions,Lower Bound,Upper Bound
185.5855,168.32248,202.84851
187.59654,170.33353,204.85956
177.88052,160.61751,195.14354
173.24196,155.97894,190.50497
171.17865,153.91563,188.44167
168.50711,151.2441,185.77013
166.31511,149.0521,183.57812
164.2916,147.02858,181.55461
162.6115,145.34848,179.87451
161.07542,143.81241,178.33844
