Predictions,Lower Bound,Upper Bound
94.08765,91.43253,96.74276
95.73624,93.08112,98.39135
96.81102,94.15591,99.46613
97.49568,94.84057,100.150795
97.91635,95.26124,100.571465
98.16065,95.50554,100.815765
98.28871,95.6336,100.943825
98.34209,95.68697,100.9972
98.348335,95.69322,101.00345
98.32565,95.67054,100.98077
