Predictions,Lower Bound,Upper Bound
73.270096,68.83268,77.70751
73.44992,69.012505,77.88734
73.95419,69.51678,78.39161
74.67268,70.23527,79.1101
75.53218,71.094765,79.9696
76.40705,71.969635,80.84447
77.29742,72.86,81.73483
78.189095,73.75168,82.62651
79.06871,74.631294,83.50613
79.9228,75.48538,84.360214
