Predictions,Lower Bound,Upper Bound
52.49246,47.953735,57.03118
52.808334,48.26961,57.347057
53.32465,48.785927,57.863373
53.99832,49.4596,58.537045
54.781883,50.24316,59.320606
55.64253,51.103806,60.18125
56.5584,52.019676,61.097122
57.502407,52.963684,62.04113
58.47531,53.93659,63.014034
59.478447,54.939724,64.01717
