Predictions,Lower Bound,Upper Bound
335.1679,334.64743,335.6884
335.22824,334.70776,335.74872
335.2965,334.77603,335.817
335.40756,334.8871,335.92804
335.49152,334.97104,336.012
335.58093,335.06046,336.1014
335.68262,335.16214,336.2031
335.77893,335.25845,336.2994
335.87906,335.35858,336.39954
335.9841,335.46362,336.50458
