Predictions,Lower Bound,Upper Bound
212.67532,206.9267,218.42395
213.10374,207.35512,218.85237
213.85803,208.1094,219.60666
214.83548,209.08685,220.5841
215.68295,209.93433,221.43158
216.76009,211.01146,222.50871
218.0404,212.29178,223.78903
219.0946,213.34598,224.84323
220.30318,214.55455,226.0518
221.58867,215.84004,227.3373
